OT;Posición;Ubicación;Ancho corte (mm);Alto corte (mm);Cantidad;Composición exterior a interior;Procesos;Instrucciones;Etiquetas
OT-P-000012-REV-A-01;1;Dormitorio 1;674;1029;2;3 + 3 PVB 0,38 / 13,62 aire aluminio / 4 templado;"Pulido: superior; Perforaciones: 1";"DEMO · catálogo sintético; no certifica seguridad ni rendimiento térmico. · Templado a medida exacta; no se recorta en taller.";P01-U01-I01 | P01-U02-I01
OT-P-000012-REV-A-02;2;Dormitorio 2;694;1054;3;4 / 16 Ar borde cálido / 4 Low-E (c3);Palillaje: 1 verticales y 1 horizontales;"DEMO · catálogo sintético; no certifica seguridad ni rendimiento térmico.";P02-U01-I01 | P02-U02-I01 | P02-U03-I01
OT-P-000012-REV-A-03;3;Dormitorio 3;714;1079;1;3 + 3 PVB 0,38 / 13,62 aire aluminio / 4 templado;"Pulido: superior; Perforaciones: 1";"DEMO · catálogo sintético; no certifica seguridad ni rendimiento térmico. · Templado a medida exacta; no se recorta en taller.";P03-U01-I01
OT-P-000012-REV-A-04;4;Dormitorio 4;734;1104;2;4 / 16 Ar borde cálido / 4 Low-E (c3);Palillaje: 1 verticales y 1 horizontales;"DEMO · catálogo sintético; no certifica seguridad ni rendimiento térmico.";P04-U01-I01 | P04-U02-I01
OT-P-000012-REV-A-05;5;Dormitorio 5;754;1129;3;3 + 3 PVB 0,38 / 13,62 aire aluminio / 4 templado;"Pulido: superior; Perforaciones: 1";"DEMO · catálogo sintético; no certifica seguridad ni rendimiento térmico. · Templado a medida exacta; no se recorta en taller.";P05-U01-I01 | P05-U02-I01 | P05-U03-I01
OT-P-000012-REV-A-06;6;Dormitorio 6;774;1154;1;4 / 16 Ar borde cálido / 4 Low-E (c3);Palillaje: 1 verticales y 1 horizontales;"DEMO · catálogo sintético; no certifica seguridad ni rendimiento térmico.";P06-U01-I01
OT-P-000012-REV-A-07;7;Dormitorio 7;794;1179;2;3 + 3 PVB 0,38 / 13,62 aire aluminio / 4 templado;"Pulido: superior; Perforaciones: 1";"DEMO · catálogo sintético; no certifica seguridad ni rendimiento térmico. · Templado a medida exacta; no se recorta en taller.";P07-U01-I01 | P07-U02-I01
OT-P-000012-REV-A-08;8;Dormitorio 8;814;1204;3;4 / 16 Ar borde cálido / 4 Low-E (c3);Palillaje: 1 verticales y 1 horizontales;"DEMO · catálogo sintético; no certifica seguridad ni rendimiento térmico.";P08-U01-I01 | P08-U02-I01 | P08-U03-I01
OT-P-000012-REV-A-09;9;Dormitorio 9;834;1229;1;3 + 3 PVB 0,38 / 13,62 aire aluminio / 4 templado;"Pulido: superior; Perforaciones: 1";"DEMO · catálogo sintético; no certifica seguridad ni rendimiento térmico. · Templado a medida exacta; no se recorta en taller.";P09-U01-I01
OT-P-000012-REV-A-10;10;Dormitorio 10;854;1254;2;4 / 16 Ar borde cálido / 4 Low-E (c3);Palillaje: 1 verticales y 1 horizontales;"DEMO · catálogo sintético; no certifica seguridad ni rendimiento térmico.";P10-U01-I01 | P10-U02-I01
OT-P-000012-REV-A-11;11;Dormitorio 11;874;1279;3;3 + 3 PVB 0,38 / 13,62 aire aluminio / 4 templado;"Pulido: superior; Perforaciones: 1";"DEMO · catálogo sintético; no certifica seguridad ni rendimiento térmico. · Templado a medida exacta; no se recorta en taller.";P11-U01-I01 | P11-U02-I01 | P11-U03-I01
OT-P-000012-REV-A-12;12;Dormitorio 12;894;1304;1;4 / 16 Ar borde cálido / 4 Low-E (c3);Palillaje: 1 verticales y 1 horizontales;"DEMO · catálogo sintético; no certifica seguridad ni rendimiento térmico.";P12-U01-I01
